{
  "version": "6",
  "dialect": "sqlite",
  "id": "9d27d505-4343-466e-b8a1-34374ef315c9",
  "prevId": "00000000-0000-0000-0000-000000000000",
  "tables": {
    "hastaneler": {
      "name": "hastaneler",
      "columns": {
        "id": {
          "name": "id",
          "type": "integer",
          "primaryKey": true,
          "notNull": true,
          "autoincrement": true
        },
        "kurum_kodu": {
          "name": "kurum_kodu",
          "type": "integer",
          "primaryKey": false,
          "notNull": true,
          "autoincrement": false
        },
        "hastane_adi": {
          "name": "hastane_adi",
          "type": "text",
          "primaryKey": false,
          "notNull": true,
          "autoincrement": false
        },
        "tip": {
          "name": "tip",
          "type": "text",
          "primaryKey": false,
          "notNull": true,
          "autoincrement": false
        },
        "kurum_tipi": {
          "name": "kurum_tipi",
          "type": "text",
          "primaryKey": false,
          "notNull": true,
          "autoincrement": false
        },
        "sehir": {
          "name": "sehir",
          "type": "text",
          "primaryKey": false,
          "notNull": true,
          "autoincrement": false
        }
      },
      "indexes": {
        "hastaneler_kurum_kodu_unique": {
          "name": "hastaneler_kurum_kodu_unique",
          "columns": [
            "kurum_kodu"
          ],
          "isUnique": true
        },
        "idx_hastaneler_sehir": {
          "name": "idx_hastaneler_sehir",
          "columns": [
            "sehir"
          ],
          "isUnique": false
        },
        "idx_hastaneler_tip": {
          "name": "idx_hastaneler_tip",
          "columns": [
            "tip"
          ],
          "isUnique": false
        },
        "idx_hastaneler_kurum_tipi": {
          "name": "idx_hastaneler_kurum_tipi",
          "columns": [
            "kurum_tipi"
          ],
          "isUnique": false
        }
      },
      "foreignKeys": {},
      "compositePrimaryKeys": {},
      "uniqueConstraints": {},
      "checkConstraints": {}
    },
    "tus_puanlar": {
      "name": "tus_puanlar",
      "columns": {
        "id": {
          "name": "id",
          "type": "integer",
          "primaryKey": true,
          "notNull": true,
          "autoincrement": true
        },
        "kurum_kodu": {
          "name": "kurum_kodu",
          "type": "integer",
          "primaryKey": false,
          "notNull": true,
          "autoincrement": false
        },
        "kade_te_kisa_adi": {
          "name": "kade_te_kisa_adi",
          "type": "text",
          "primaryKey": false,
          "notNull": true,
          "autoincrement": false
        },
        "kademe": {
          "name": "kademe",
          "type": "text",
          "primaryKey": false,
          "notNull": true,
          "autoincrement": false
        },
        "brans": {
          "name": "brans",
          "type": "text",
          "primaryKey": false,
          "notNull": true,
          "autoincrement": false
        },
        "donem": {
          "name": "donem",
          "type": "text",
          "primaryKey": false,
          "notNull": true,
          "autoincrement": false
        },
        "donem_tarihi": {
          "name": "donem_tarihi",
          "type": "text",
          "primaryKey": false,
          "notNull": true,
          "autoincrement": false
        },
        "kontenjan": {
          "name": "kontenjan",
          "type": "integer",
          "primaryKey": false,
          "notNull": true,
          "autoincrement": false
        },
        "yerlesen": {
          "name": "yerlesen",
          "type": "integer",
          "primaryKey": false,
          "notNull": true,
          "autoincrement": false
        },
        "karsilanamayan_kontenjan": {
          "name": "karsilanamayan_kontenjan",
          "type": "integer",
          "primaryKey": false,
          "notNull": true,
          "autoincrement": false
        },
        "taban_puan": {
          "name": "taban_puan",
          "type": "real",
          "primaryKey": false,
          "notNull": false,
          "autoincrement": false
        },
        "tavan_puan": {
          "name": "tavan_puan",
          "type": "real",
          "primaryKey": false,
          "notNull": false,
          "autoincrement": false
        },
        "taban_siralamasi": {
          "name": "taban_siralamasi",
          "type": "integer",
          "primaryKey": false,
          "notNull": false,
          "autoincrement": false
        }
      },
      "indexes": {
        "idx_tus_puanlar_kurum_kodu": {
          "name": "idx_tus_puanlar_kurum_kodu",
          "columns": [
            "kurum_kodu"
          ],
          "isUnique": false
        },
        "idx_tus_puanlar_brans": {
          "name": "idx_tus_puanlar_brans",
          "columns": [
            "brans"
          ],
          "isUnique": false
        },
        "idx_tus_puanlar_donem": {
          "name": "idx_tus_puanlar_donem",
          "columns": [
            "donem"
          ],
          "isUnique": false
        },
        "idx_tus_puanlar_taban_puan": {
          "name": "idx_tus_puanlar_taban_puan",
          "columns": [
            "taban_puan"
          ],
          "isUnique": false
        },
        "idx_tus_puanlar_kontenjan": {
          "name": "idx_tus_puanlar_kontenjan",
          "columns": [
            "kontenjan"
          ],
          "isUnique": false
        }
      },
      "foreignKeys": {},
      "compositePrimaryKeys": {},
      "uniqueConstraints": {},
      "checkConstraints": {}
    }
  },
  "views": {},
  "enums": {},
  "_meta": {
    "schemas": {},
    "tables": {},
    "columns": {}
  },
  "internal": {
    "indexes": {}
  }
}