﻿1;Acıbadem Mehmet Ali Aydınlar Üniversitesi Tıp Fakültesi;DEVLET;Tıp Fakültesi;İSTANBUL ANADOLU
2;Adana Şehir Hastanesi;DEVLET;Hastane;ADANA
3;Adıyaman Eğitim ve Araştırma Hastanesi;DEVLET;Hastane;ADIYAMAN
4;Adıyaman Üniversitesi Tıp Fakültesi;DEVLET;Tıp Fakültesi;ADIYAMAN
5;Adli Tıp Kurumu;DEVLET;Hastane;ANKARA
6;Afyonkarahisar Sağlık Bilimleri Üniversitesi Tıp Fakültesi;DEVLET;Tıp Fakültesi;AFYON
7;Ahi Evren Göğüs Kalp ve Damar Cerrahisi Eğitim ve Araştırma Hastanesi;DEVLET;Hastane;TRABZON
8;Akdeniz Üniversitesi Tıp Fakültesi;DEVLET;Tıp Fakültesi;ANTALYA
9;Aksaray Eğitim ve Araştırma Hastanesi;DEVLET;Hastane;AKSARAY
10;Aksaray Üniversitesi Tıp Fakültesi;DEVLET;Tıp Fakültesi;AKSARAY
11;Alanya Alaaddin Keykubat Üniversitesi Tıp Fakültesi;DEVLET;Tıp Fakültesi;ANTALYA
12;Alanya Eğitim ve Araştırma Hastanesi;DEVLET;Hastane;ANTALYA
13;Altınbaş Üniversitesi Tıp Fakültesi;ÖZEL;Tıp Fakültesi;İSTANBUL AVRUPA
14;Amasya Sabuncuoğlu Şerefeddin Eğitim ve Araştırma Hastanesi;DEVLET;Hastane;AMASYA
15;Amasya Üniversitesi Tıp Fakültesi;DEVLET;Tıp Fakültesi;AMASYA
16;Ankara Atatürk Sanatoryum Eğitim ve Araştırma Hastanesi;DEVLET;Hastane;ANKARA
17;Ankara Bilkent Şehir Hastanesi;DEVLET;Hastane;ANKARA
18;Ankara Eğitim ve Araştırma Hastanesi;DEVLET;Hastane;ANKARA
19;Ankara Etlik Şehir Hastanesi;DEVLET;Hastane;ANKARA
20;Ankara Ulucanlar Göz Eğitim ve Araştırma Hastanesi;DEVLET;Hastane;ANKARA
21;Ankara Üniversitesi Tıp Fakültesi;DEVLET;Tıp Fakültesi;ANKARA
22;Ankara Yıldırım Beyazıt Üniversitesi Tıp Fakültesi;DEVLET;Tıp Fakültesi;ANKARA
23;Antalya Eğitim ve Araştırma Hastanesi;DEVLET;Hastane;ANTALYA
24;Antalya Şehir Hastanesi;DEVLET;Hastane;ANTALYA
25;Atatürk Üniversitesi Tıp Fakültesi;DEVLET;Tıp Fakültesi;ERZURUM
26;Atılım Üniversitesi Tıp Fakültesi;ÖZEL;Tıp Fakültesi;ANKARA
27;Aydın Adnan Menderes Üniversitesi Tıp Fakültesi;DEVLET;Tıp Fakültesi;AYDIN
28;Bağcılar Eğitim ve Araştırma Hastanesi;DEVLET;Hastane;İSTANBUL AVRUPA
29;Bahçeşehir Üniversitesi Tıp Fakültesi;ÖZEL;Tıp Fakültesi;İSTANBUL AVRUPA
30;Bakırköy Dr. Sadi Konuk Eğitim ve Araştırma Hastanesi;DEVLET;Hastane;İSTANBUL AVRUPA
31;Bakırköy Prof. Dr. Mazhar Osman Ruh Sağlığı ve Sinir Hastalıkları Eğitim ve Araştırma Hastanesi;DEVLET;Hastane;İSTANBUL AVRUPA
32;Balıkesir Atatürk Şehir Hastanesi;DEVLET;Hastane;BALIKESİR
33;Balıkesir Üniversitesi Tıp Fakültesi;DEVLET;Tıp Fakültesi;BALIKESİR
34;Baltalimanı Metin Sabancı Kemik Hastalıkları Eğitim ve Araştırma Hastanesi;DEVLET;Hastane;İSTANBUL AVRUPA
35;Barış Ruh ve Sinir Hastalıkları Hastanesi;DEVLET;Hastane;KIBRIS
36;Başakşehir Çam ve Sakura Şehir Hastanesi;DEVLET;Hastane;İSTANBUL AVRUPA
37;Başkent Üniversitesi Tıp Fakültesi;ÖZEL;Tıp Fakültesi;ANKARA
38;Beyoğlu Göz Eğitim ve Araştırma Hastanesi;DEVLET;Hastane;İSTANBUL AVRUPA
39;Bezmiâlem Vakıf Üniversitesi Tıp Fakültesi;ÖZEL;Tıp Fakültesi;İSTANBUL AVRUPA
40;Biruni Üniversitesi Tıp Fakültesi;ÖZEL;Tıp Fakültesi;İSTANBUL AVRUPA
41;Bolu Abant İzzet Baysal Üniversitesi Tıp Fakültesi;DEVLET;Tıp Fakültesi;BOLU
42;Bolu İzzet Baysal Eğitim ve Araştırma Hastanesi;DEVLET;Hastane;BOLU
43;Bolu İzzet Baysal Fizik Tedavi ve Rehabilitasyon Eğitim ve Araştırma Hastanesi;DEVLET;Hastane;BOLU
44;Bozyaka Eğitim ve Araştırma Hastanesi;DEVLET;Hastane;İZMİR
45;Buca Seyfi Demirsoy Eğitim ve Araştırma Hastanesi;DEVLET;Hastane;İZMİR
46;Bursa Şehir Hastanesi;DEVLET;Hastane;BURSA
47;Bursa Uludağ Üniversitesi Tıp Fakültesi;DEVLET;Tıp Fakültesi;BURSA
48;Bursa Yüksek İhtisas Eğitim ve Araştırma Hastanesi;DEVLET;Hastane;BURSA
49;Çanakkale Onsekiz Mart Üniversitesi Tıp Fakültesi;DEVLET;Tıp Fakültesi;ÇANAKKALE
50;Çiğli Eğitim ve Araştırma Hastanesi;DEVLET;Hastane;İZMİR
51;Çorum Erol Olçok Eğitim ve Araştırma Hastanesi;DEVLET;Hastane;ÇORUM
52;Çukurova Üniversitesi Tıp Fakültesi;DEVLET;Tıp Fakültesi;ADANA
53;Demiroğlu Bilim Üniversitesi Tıp Fakültesi;ÖZEL;Tıp Fakültesi;İSTANBUL AVRUPA
54;Dışkapı Yıldırım Beyazıt Eğitim ve Araştırma Hastanesi;DEVLET;Hastane;ANKARA
55;Dicle Üniversitesi Tıp Fakültesi;DEVLET;Tıp Fakültesi;DİYARBAKIR
56;Diyarbakır Gazi Yaşargil Eğitim ve Araştırma Hastanesi;DEVLET;Hastane;DİYARBAKIR
57;Dokuz Eylül Üniversitesi Tıp Fakültesi;DEVLET;Tıp Fakültesi;İZMİR
58;Dr. Abdurrahman Yurtaslan Onkoloji Eğitim ve Araştırma Hastanesi;DEVLET;Hastane;ANKARA
59;Dr. Behçet Uz Çocuk Hastalıkları ve Cerrahisi Eğitim ve Araştırma Hastanesi;DEVLET;Hastane;İZMİR
60;Dr. Burhan Nalbantoğlu Devlet Hastanesi;DEVLET;Hastane;KIBRIS
61;Dr. Sami Ulus Kadın Doğum, Çocuk Sağlığı ve Hastalıkları Eğitim ve Araştırma Hastanesi;DEVLET;Hastane;ANKARA
62;Dr. Siyami Ersek Göğüs Kalp ve Damar Cerrahisi Eğitim ve Araştırma Hastanesi;DEVLET;Hastane;İSTANBUL ANADOLU
63;Dr. Suat Seren Göğüs Hastalıkları ve Cerrahisi Eğitim ve Araştırma Hastanesi;DEVLET;Hastane;İZMİR
64;Düzce Üniversitesi Tıp Fakültesi;DEVLET;Tıp Fakültesi;DÜZCE
65;Ege Üniversitesi Tıp Fakültesi;DEVLET;Tıp Fakültesi;İZMİR
66;Elazığ Fethi Sekin Şehir Hastanesi;DEVLET;Hastane;ELAZIĞ
67;Erciyes Üniversitesi Tıp Fakültesi;DEVLET;Tıp Fakültesi;KAYSERİ
68;Erenköy Ruh ve Sinir Hastalıkları Eğitim ve Araştırma Hastanesi;DEVLET;Hastane;İSTANBUL ANADOLU
69;Erzincan Binali Yıldırım Üniversitesi Tıp Fakültesi;DEVLET;Tıp Fakültesi;ERZİNCAN
70;Erzincan Mengücek Gazi Eğitim ve Araştırma Hastanesi;DEVLET;Hastane;ERZURUM
71;Erzurum Bölge Eğitim ve Araştırma Hastanesi;DEVLET;Hastane;ERZURUM
72;Erzurum Şehir Hastanesi;DEVLET;Hastane;ERZURUM
73;Eskişehir Osmangazi Üniversitesi Tıp Fakültesi;DEVLET;Tıp Fakültesi;ESKİŞEHİR
74;Eskişehir Şehir Hastanesi;DEVLET;Hastane;ESKİŞEHİR
75;Etlik Zübeyde Hanım Kadın Hastalıkları Eğitim ve Araştırma Hastanesi;DEVLET;Hastane;ANKARA
76;Fatih Sultan Mehmet Eğitim ve Araştırma Hastanesi;DEVLET;Hastane;İSTANBUL ANADOLU
77;Fırat Üniversitesi Tıp Fakültesi;DEVLET;Tıp Fakültesi;ELAZIĞ
78;Gazi Üniversitesi Tıp Fakültesi;DEVLET;Tıp Fakültesi;ANKARA
79;Gaziantep Şehir Hastanesi;DEVLET;Hastane;GAZİANTEP
80;Gaziantep Üniversitesi Tıp Fakültesi;DEVLET;Tıp Fakültesi;GAZİANTEP
81;Gaziler Fizik Tedavi ve Rehabilitasyon Eğitim ve Araştırma Hastanesi;DEVLET;Hastane;ANKARA
82;Gaziosmanpaşa Eğitim ve Araştırma Hastanesi;DEVLET;Hastane;İSTANBUL AVRUPA
83;Giresun Eğitim ve Araştırma Hastanesi;DEVLET;Hastane;GİRESUN
84;Giresun Kadın Doğum ve Çocuk Hastalıkları Eğitim ve Araştırma Hastanesi;DEVLET;Hastane;GİRESUN
85;Giresun Üniversitesi Tıp Fakültesi;DEVLET;Tıp Fakültesi;GİRESUN
86;Göztepe Prof. Dr. Süleyman Yalçın Şehir Hastanesi;DEVLET;Hastane;İSTANBUL ANADOLU
87;Gülhane Eğitim ve Araştırma Hastanesi;DEVLET;Hastane;ANKARA
88;Hacettepe Üniversitesi Tıp Fakültesi;DEVLET;Tıp Fakültesi;ANKARA
89;Haliç Üniversitesi Tıp Fakültesi;ÖZEL;Tıp Fakültesi;İSTANBUL AVRUPA
90;Harran Üniversitesi Tıp Fakültesi;DEVLET;Tıp Fakültesi;ŞANLIURFA
91;Haseki Eğitim ve Araştırma Hastanesi;DEVLET;Hastane;İSTANBUL AVRUPA
92;Hatay Mustafa Kemal Üniversitesi Tayfur Ata Sökmen Tıp Fakültesi;DEVLET;Tıp Fakültesi;HATAY
93;Haydarpaşa Numune Eğitim ve Araştırma Hastanesi;DEVLET;Hastane;İSTANBUL ANADOLU
94;Hitit Üniversitesi Tıp Fakültesi;DEVLET;Tıp Fakültesi;ÇORUM
95;İnönü Üniversitesi Tıp Fakültesi;DEVLET;Tıp Fakültesi;MALATYA
96;İstanbul Arel Üniversitesi Tıp Fakültesi;ÖZEL;Tıp Fakültesi;İSTANBUL AVRUPA
97;İstanbul Atlas Üniversitesi Tıp Fakültesi;ÖZEL;Tıp Fakültesi;İSTANBUL AVRUPA
98;İstanbul Aydın Üniversitesi Tıp Fakültesi;ÖZEL;Tıp Fakültesi;İSTANBUL AVRUPA
99;İstanbul Baltalimanı Metin Sabancı Kemik Hastalıkları Eğitim ve Araştırma Hastanesi;DEVLET;Hastane;İSTANBUL AVRUPA
100;İstanbul Beykent Üniversitesi Tıp Fakültesi;ÖZEL;Tıp Fakültesi;İSTANBUL AVRUPA
101;İstanbul Dr. Siyami Ersek Göğüs Kalp ve Damar Cerrahisi Eğitim ve Araştırma Hastanesi;DEVLET;Hastane;İSTANBUL ANADOLU
102;İstanbul Eğitim ve Araştırma Hastanesi;DEVLET;Hastane;İSTANBUL AVRUPA
103;İstanbul Fatih Sultan Mehmet Eğitim ve Araştırma Hastanesi;DEVLET;Hastane;İSTANBUL ANADOLU
104;İstanbul Fizik Tedavi ve Rehabilitasyon Eğitim ve Araştırma Hastanesi;DEVLET;Hastane;İSTANBUL AVRUPA
105;İstanbul Haseki Eğitim ve Araştırma Hastanesi;DEVLET;Hastane;İSTANBUL AVRUPA
106;İstanbul Haydarpaşa Numune Eğitim ve Araştırma Hastanesi;DEVLET;Hastane;İSTANBUL ANADOLU
107;İstanbul Kanuni Sultan Süleyman Eğitim ve Araştırma Hastanesi;DEVLET;Hastane;İSTANBUL AVRUPA
108;İstanbul Medeniyet Üniversitesi Tıp Fakültesi;DEVLET;Tıp Fakültesi;İSTANBUL ANADOLU
109;İstanbul Medipol Üniversitesi Tıp Fakültesi;ÖZEL;Tıp Fakültesi;İSTANBUL ANADOLU
110;İstanbul Okan Üniversitesi Tıp Fakültesi;ÖZEL;Tıp Fakültesi;İSTANBUL ANADOLU
111;İstanbul Prof. Dr. Cemil Taşçıoğlu Şehir Hastanesi;DEVLET;Hastane;İSTANBUL AVRUPA
112;İstanbul Sağlık ve Teknoloji Üniversitesi Tıp Fakültesi;DEVLET;Tıp Fakültesi;İSTANBUL AVRUPA
113;İstanbul Süreyyapaşa Göğüs Hastalıkları ve Göğüs Cerrahisi Eğitim ve Araştırma Hastanesi;DEVLET;Hastane;İSTANBUL ANADOLU
114;İstanbul Üniversitesi İstanbul Tıp Fakültesi;DEVLET;Tıp Fakültesi;İSTANBUL AVRUPA
115;İstanbul Üniversitesi-Cerrahpaşa Cerrahpaşa Tıp Fakültesi;DEVLET;Tıp Fakültesi;İSTANBUL AVRUPA
116;İstanbul Üniversitesi-Cerrahpaşa Kardiyoloji Enstitüsü;DEVLET;Hastane;İSTANBUL AVRUPA
117;İstanbul Üniversitesi-Cerrahpaşa Tıp Fakültesi;DEVLET;Tıp Fakültesi;İSTANBUL AVRUPA
118;İstanbul Yedikule Göğüs Hastalıkları ve Göğüs Cerrahisi Eğitim ve Araştırma Hastanesi;DEVLET;Hastane;İSTANBUL AVRUPA
119;İstanbul Yeni Yüzyıl Üniversitesİ Tıp Fakültesi;ÖZEL;Tıp Fakültesi;İSTANBUL AVRUPA
120;İstanbul Zeynep Kamil Kadın ve Çocuk Hastalıkları Eğitim ve Araştırma Hastanesi;DEVLET;Hastane;İSTANBUL ANADOLU
121;İstinye Üniversitesi Tıp Fakültesi;ÖZEL;Tıp Fakültesi;İSTANBUL AVRUPA
122;İzmir Atatürk Eğitim ve Araştırma Hastanesi;DEVLET;Hastane;İZMİR
123;İzmir Bakırçay Üniversitesi Tıp Fakültesi;ÖZEL;Tıp Fakültesi;İZMİR
124;İzmir Bozyaka Eğitim ve Araştırma Hastanesi;DEVLET;Hastane;İZMİR
125;İzmir Demokrasi Üniversitesi Tıp Fakültesi;ÖZEL;Tıp Fakültesi;İZMİR
126;İzmir Dr. Behçet Uz Çocuk Hastalıkları ve Cerrahisi Eğitim ve Araştırma Hastanesi;DEVLET;Hastane;İZMİR
127;İzmir Ekonomi Üniversitesi Tıp Fakültesi;ÖZEL;Tıp Fakültesi;İZMİR
128;İzmir Kâtip Çelebi Üniversitesi Tıp Fakültesi;DEVLET;Tıp Fakültesi;İZMİR
129;İzmir Şehir Hastanesi;DEVLET;Hastane;İZMİR
130;İzmir Tepecik Eğitim ve Araştırma Hastanesi;DEVLET;Hastane;İZMİR
131;İzmir Tınaztepe Üniversitesi Tıp Fakültesi;ÖZEL;Tıp Fakültesi;İZMİR
132;Kafkas Üniversitesi Tıp Fakültesi;DEVLET;Tıp Fakültesi;KARS
133;Kahramanmaraş Sütçü İmam Üniversitesi Tıp Fakültesi;DEVLET;Tıp Fakültesi;KAHRAMANMARAŞ
134;Karabük Eğitim ve Araştırma Hastanesi;DEVLET;Hastane;KARABÜK
135;Karabük Üniversitesi Tıp Fakültesi;DEVLET;Tıp Fakültesi;KARABÜK
136;Karadeniz Teknik Üniversitesi Tıp Fakültesi;DEVLET;Tıp Fakültesi;TRABZON
137;Karaman Eğitim ve Araştırma Hastanesi;DEVLET;Hastane;KARAMAN
138;Karamanoğlu Mehmetbey Üniversitesi Tıp Fakültesi;DEVLET;Tıp Fakültesi;KARAMAN
139;Kartal Dr. Lütfi Kırdar Şehir Hastanesi;DEVLET;Hastane;İSTANBUL ANADOLU
140;Kartal Koşuyolu Yüksek İhtisas Eğitim ve Araştırma Hastanesi;DEVLET;Hastane;İSTANBUL ANADOLU
141;Kastamonu Eğitim ve Araştırma Hastanesi;DEVLET;Hastane;KASTAMONU
142;Kastamonu Üniversitesi Tıp Fakültesi;DEVLET;Tıp Fakültesi;KASTAMONU
143;Kayseri Şehir Hastanesi;DEVLET;Hastane;KAYSERİ
144;Kırıkkale Üniversitesi Tıp Fakültesi;DEVLET;Tıp Fakültesi;KIRIKKALE
145;Kırşehir Ahi Evran Üniversitesi Tıp Fakültesi;DEVLET;Tıp Fakültesi;KIRŞEHİR
146;Kırşehir Eğitim ve Araştırma Hastanesi;DEVLET;Hastane;KIRŞEHİR
147;Kocaeli Şehir Hastanesi;DEVLET;Hastane;KOCAELİ
148;Kocaeli Üniversitesi Tıp Fakültesi;DEVLET;Tıp Fakültesi;KOCAELİ
149;Koç Üniversitesi Tıp Fakültesi;ÖZEL;Tıp Fakültesi;İSTANBUL AVRUPA
150;Konya Beyhekim Eğitim ve Araştırma Hastanesi;DEVLET;Hastane;KONYA
151;Konya Şehir Hastanesi;DEVLET;Hastane;KONYA
152;Kütahya Evliya Çelebi Eğitim ve Araştırma Hastanesi;DEVLET;Hastane;KÜTAHYA
153;Kütahya Sağlık Bilimleri Üniversitesi Tıp Fakültesi;DEVLET;Tıp Fakültesi;KÜTAHYA
154;Lokman Hekim Üniversitesi Tıp Fakültesi;ÖZEL;Tıp Fakültesi;ANKARA
155;Malatya  Turgut Özal Üniversitesi Tıp Fakültesi;DEVLET;Tıp Fakültesi;MALATYA
156;Malatya Eğitim ve Araştırma Hastanesi;DEVLET;Hastane;MALATYA
157;Maltepe Üniversitesi Tıp Fakültesi;ÖZEL;Tıp Fakültesi;İSTANBUL ANADOLU
158;Manisa Celal Bayar Üniversitesi Tıp Fakültesi;DEVLET;Tıp Fakültesi;MANİSA
159;Mardin Artuklu Üniversitesi Tıp Fakültesi;DEVLET;Tıp Fakültesi;MARDİN
160;Mardin Eğitim ve Araştırma Hastanesi;DEVLET;Hastane;MARDİN
161;Marmara Üniversitesi Pendik Eğitim ve Araştırma Hastanesi;DEVLET;Hastane;İSTANBUL ANADOLU
162;Marmara Üniversitesi Tıp Fakültesi;DEVLET;Tıp Fakültesi;İSTANBUL ANADOLU
163;Mehmet Akif Ersoy Göğüs Kalp ve Damar Cerrahisi Eğitim ve Araştırma Hastanesi;DEVLET;Hastane;İSTANBUL AVRUPA
164;Mehmet Akif İnan Eğitim ve Araştırma Hastanesi;DEVLET;Hastane;ŞANLIURFA
165;Mersin Şehir Hastanesi;DEVLET;Hastane;MERSİN
166;Mersin Üniversitesi Tıp Fakültesi;DEVLET;Tıp Fakültesi;MERSİN
167;Muğla Eğitim ve Araştırma Hastanesi;DEVLET;Hastane;MUĞLA
168;Muğla Sıtkı Koçman Üniversitesi Tıp Fakültesi;DEVLET;Tıp Fakültesi;MUĞLA
169;Necmettin Erbakan Üniversitesi Meram Tıp Fakültesi;DEVLET;Tıp Fakültesi;KONYA
170;Necmettin Erbakan Üniversitesi Tıp Fakültesi;DEVLET;Tıp Fakültesi;KONYA
171;Niğde Eğitim ve Araştırma Hastanesi;DEVLET;Hastane;NİĞDE
172;Niğde Ömer Halisdemir Üniversitesi Tıp Fakültesi;DEVLET;Tıp Fakültesi;NİĞDE
173;Ondokuz Mayıs Üniversitesi Tıp Fakültesi;DEVLET;Tıp Fakültesi;SAMSUN
174;Ordu Eğitim ve Araştırma Hastanesi;DEVLET;Hastane;ORDU
175;Ordu Üniversitesi Tıp Fakültesi;DEVLET;Tıp Fakültesi;ORDU
176;Pamukkale Üniversitesi Tıp Fakültesi;DEVLET;Tıp Fakültesi;DENİZLİ
177;Prof. Dr. Cemil Taşçıoğlu Şehir Hastanesi;DEVLET;Hastane;İSTANBUL AVRUPA
178;Recep Tayyip Erdoğan Üniversitesi Tıp Fakültesi;DEVLET;Tıp Fakültesi;RİZE
179;Rize Eğitim ve Araştırma Hastanesi;DEVLET;Hastane;RİZE
180;Sağlık Bilimleri Üniversitesi Gülhane Tıp Fakültesi (ANKARA);DEVLET;Tıp Fakültesi;ANKARA
181;Sağlık Bilimleri Üniversitesi Gülhane Tıp Fakültesi, Deniz Kuvvetleri Komutanlığı (ANKARA);DEVLET;Tıp Fakültesi;ANKARA
182;Sağlık Bilimleri Üniversitesi Gülhane Tıp Fakültesi, Gülhane Eğitim ve Araştırma Hastanesi (ANKARA);DEVLET;Tıp Fakültesi;ANKARA
183;Sağlık Bilimleri Üniversitesi Gülhane Tıp Fakültesi, Hava Kuvvetleri Komutanlığı (ANKARA);DEVLET;Tıp Fakültesi;ANKARA
184;Sağlık Bilimleri Üniversitesi Gülhane Tıp Fakültesi, Jandarma Genel Komutanlığı (ANKARA);DEVLET;Tıp Fakültesi;ANKARA
185;Sağlık Bilimleri Üniversitesi Gülhane Tıp Fakültesi, Kara Kuvvetleri Komutanlığı (ANKARA);DEVLET;Tıp Fakültesi;ANKARA
186;Sağlık Bilimleri Üniversitesi Hamidiye Tıp Fakültesi (İSTANBUL);DEVLET;Tıp Fakültesi;İSTANBUL ANADOLU
187;Sakarya Eğitim ve Araştırma Hastanesi;DEVLET;Hastane;SAKARYA
188;Sakarya Üniversitesi Tıp Fakültesi;DEVLET;Tıp Fakültesi;SAKARYA
189;Samsun Eğitim ve Araştırma Hastanesi;DEVLET;Hastane;SAMSUN
190;Samsun Üniversitesi Tıp Fakültesi;DEVLET;Tıp Fakültesi;SAMSUN
191;Sancaktepe Şehit Prof. Dr. İlhan Varank Eğitim ve Araştırma Hastanesi;DEVLET;Hastane;İSTANBUL ANADOLU
192;Sanko Üniversitesi Tıp Fakültesi;ÖZEL;Tıp Fakültesi;GAZİANTEP
193;Selçuk Üniversitesi Tıp Fakültesi;DEVLET;Tıp Fakültesi;KONYA
194;Sincan  Eğitim ve Araştırma Hastanesi;DEVLET;Hastane;ANKARA
195;Sincan Eğitim ve Araştırma Hastanesi;DEVLET;Hastane;ANKARA
196;Sivas Cumhuriyet Üniversitesi Tıp Fakültesi;DEVLET;Tıp Fakültesi;SİVAS
197;Sultan 2. Abdülhamid Han Eğitim ve Araştırma Hastanesi;DEVLET;Hastane;İSTANBUL ANADOLU
198;Süleyman Demirel Üniversitesi Tıp Fakültesi;DEVLET;Tıp Fakültesi;ISPARTA
199;Süreyyapaşa Göğüs Hastalıkları ve Göğüs Cerrahisi Eğitim ve Araştırma Hastanesi;DEVLET;Hastane;İSTANBUL ANADOLU
200;Şanlıurfa Mehmet Akif İnan Eğitim ve Araştırma Hastanesi;DEVLET;Hastane;ŞANLIURFA
201;Şişli Hamidiye Etfal Eğitim ve Araştırma Hastanesi;DEVLET;Hastane;İSTANBUL AVRUPA
202;Taksim Eğitim ve Araştırma Hastanesi;DEVLET;Hastane;İSTANBUL AVRUPA
203;Tekirdağ Namık Kemal Üniversitesi Tıp Fakültesi;DEVLET;Tıp Fakültesi;TEKİRDAĞ
204;Tepecik Eğitim ve Araştırma Hastanesi;DEVLET;Hastane;İZMİR
205;TOBB Ekonomi ve Teknoloji Üniversitesi Tıp Fakültesi;ÖZEL;Tıp Fakültesi;ANKARA
206;Tokat Gaziosmanpaşa Üniversitesi Tıp Fakültesi;DEVLET;Tıp Fakültesi;TOKAT
207;Trabzon Ahi Evren Göğüs Kalp ve Damar Cerrahisi Eğitim ve Araştırma Hastanesi;DEVLET;Hastane;TRABZON
208;Trabzon Kanuni Eğitim ve Araştırma Hastanesi;DEVLET;Hastane;TRABZON
209;Trakya Üniversitesi Tıp Fakültesi;DEVLET;Tıp Fakültesi;EDİRNE
210;Ufuk Üniversitesi Tıp Fakültesi;ÖZEL;Tıp Fakültesi;ANKARA
211;Ulucanlar Göz Eğitim ve Araştırma Hastanesi;DEVLET;Hastane;ANKARA
212;Uşak Eğitim ve Araştırma Hastanesi;DEVLET;Hastane;UŞAK
213;Uşak Üniversitesi Tıp Fakültesi;DEVLET;Tıp Fakültesi;UŞAK
214;Ümraniye Eğitim ve Araştırma Hastanesi;DEVLET;Hastane;İSTANBUL ANADOLU
215;Üsküdar Üniversitesi Tıp Fakültesi;ÖZEL;Tıp Fakültesi;İSTANBUL ANADOLU
216;Van Eğitim ve Araştırma Hastanesi;DEVLET;Hastane;VAN
217;Van Yüzüncü Yıl Üniversitesi Tıp Fakültesi;DEVLET;Tıp Fakültesi;VAN
218;Yedikule Göğüs Hastalıkları ve Göğüs Cerrahisi Eğitim ve Araştırma Hastanesi;DEVLET;Hastane;İSTANBUL AVRUPA
219;Yeditepe Üniversitesi Tıp Fakültesi;ÖZEL;Tıp Fakültesi;İSTANBUL ANADOLU
220;Yenimahalle Eğitim ve Araştırma Hastanesi;DEVLET;Hastane;ANKARA
221;Yozgat Bozok Üniversitesi Tıp Fakültesi;DEVLET;Tıp Fakültesi;YOZGAT
222;Yüksek İhtisas Üniversitesi Tıp Fakültesi;DEVLET;Tıp Fakültesi;ANKARA
223;Zeynep Kamil Kadın ve Çocuk Hastalıkları Eğitim ve Araştırma Hastanesi;DEVLET;Hastane;İSTANBUL ANADOLU
224;Zonguldak Bülent Ecevit Üniversitesi Tıp Fakültesi;DEVLET;Tıp Fakültesi;ZONGULDAK
225;Bandırma Eğitim ve Araştırma Hastanesi;DEVLET;Hastane;BALIKESİR
226;Bilecik Eğitim ve Araştırma Hastanesi;DEVLET;Hastane;BİLECİK
227;Dr. Ersin Arslan Eğitim ve Araştırma Hastanesi;DEVLET;Hastane;GAZİANTEP
228;Kırklareli Eğitim ve Araştırma Hastanesi;DEVLET;Hastane;KIRKLARELİ
